{
  "hash": "0331fe91",
  "configHash": "12ec9633",
  "lockfileHash": "cc3fe338",
  "browserHash": "31d624b7",
  "optimized": {
    "@angular/core": {
      "src": "../../../../../../node_modules/@angular/core/fesm2022/core.mjs",
      "file": "@angular_core.js",
      "fileHash": "27ed159d",
      "needsInterop": false
    },
    "@angular/platform-browser": {
      "src": "../../../../../../node_modules/@angular/platform-browser/fesm2022/platform-browser.mjs",
      "file": "@angular_platform-browser.js",
      "fileHash": "5f184378",
      "needsInterop": false
    },
    "@angular/router": {
      "src": "../../../../../../node_modules/@angular/router/fesm2022/router.mjs",
      "file": "@angular_router.js",
      "fileHash": "357ecd69",
      "needsInterop": false
    },
    "zone.js": {
      "src": "../../../../../../node_modules/zone.js/fesm2015/zone.js",
      "file": "zone__js.js",
      "fileHash": "27d0c14d",
      "needsInterop": true
    }
  },
  "chunks": {
    "chunk-PCHUQFJ3": {
      "file": "chunk-PCHUQFJ3.js"
    },
    "chunk-BERTXOXC": {
      "file": "chunk-BERTXOXC.js"
    },
    "chunk-WDMUDEB6": {
      "file": "chunk-WDMUDEB6.js"
    }
  }
}