{
  "hash": "237766d6",
  "configHash": "a9d9746c",
  "lockfileHash": "951e3818",
  "browserHash": "84fc7d6d",
  "optimized": {
    "@angular/core": {
      "src": "../../../../../../node_modules/@angular/core/fesm2022/core.mjs",
      "file": "@angular_core.js",
      "fileHash": "b1d5c653",
      "needsInterop": false
    },
    "@angular/platform-browser": {
      "src": "../../../../../../node_modules/@angular/platform-browser/fesm2022/platform-browser.mjs",
      "file": "@angular_platform-browser.js",
      "fileHash": "95c71d69",
      "needsInterop": false
    },
    "@angular/router": {
      "src": "../../../../../../node_modules/@angular/router/fesm2022/router.mjs",
      "file": "@angular_router.js",
      "fileHash": "43db2007",
      "needsInterop": false
    },
    "zone.js": {
      "src": "../../../../../../node_modules/zone.js/fesm2015/zone.js",
      "file": "zone__js.js",
      "fileHash": "25b0e542",
      "needsInterop": true
    },
    "@angular/forms": {
      "src": "../../../../../../node_modules/@angular/forms/fesm2022/forms.mjs",
      "file": "@angular_forms.js",
      "fileHash": "50fc3096",
      "needsInterop": false
    }
  },
  "chunks": {
    "chunk-6NS44UZ2": {
      "file": "chunk-6NS44UZ2.js"
    },
    "chunk-A5DIV35D": {
      "file": "chunk-A5DIV35D.js"
    },
    "chunk-BE2TGQLL": {
      "file": "chunk-BE2TGQLL.js"
    },
    "chunk-WDMUDEB6": {
      "file": "chunk-WDMUDEB6.js"
    }
  }
}